Headset Bluetooth Mini S530 - Micro Sport Stereo Bluetooth Earphone,83	
	
NOKIA 130 dual sim handphone hp,80	
	
Samsung lipat flip Caramel GT-E1272 samsung hp murah handphone baru,25	
	
Gamepad single Usb M-Tech/stick laptop/stick pc/joystick,18	
	
Sepatu Casual Kets Sport Nike MD Runner / Waffle Trainer Hitam Putih,18	
	
Gamepad Double Mtech/Joystick/Gamepad Double Hitam M-Tech/Pc Laptop,12	
	
Sepatu Sekolah Nike Roshe Run Full Hitam Anak Pria Wanita Cewe Cowo,12	
	
USB HUB 4 port USB 3.0 / USB HUB 3.0 &#40;4port&#41; DIGIGEAR HIGH QUALITY,12	
	
&#40;IA034&#41; PUBG Fire MOBILE Button L1R1 Trigger Aim Sharpshooter Rules,11	
	
LCD Writing Tablet Board 8.5 inch Papan Tulis LCD Digital,11	
	
USB HUB 3.0 7 port by DIGIGEAR HIGH SPEED 1.2 meter,10	
	
Kabel LAN UTP 30M RJ45 Cat 5e Cable 30 Meter terpasang konektor cat5e,9	
	
Mouse wireless / Bluetooth Airmouse Alcatroz by Powerlogic Resmi murah,9	
	
"Holder anti hujan &amp; copet untuk smartphone / handphone di motor 5,5&#34;",8	
	
Tempelan / Perekat Gurita Hp Buat / untuk Gojek / Perekat Hp 3M Besar,7	
	
EH134 Mic WS858 New Versi Wireles Bluetooth Karaoke Microphone Speaker,6	
	
Lan Tester Alat Penguji Kabel Lan RJ45 RJ11,6	
	
Sabuk Penyangga / Power Magnetic Posture Support / Penyangga Punggung,6	
	
HP SAMSUNG Lipat Caramel GT-E1272 Handphone Samsung Caramel Flip E1272,5	
	
Headset/Earphone bluetooth i7S TWS 4.2 AIRPODS WITH CHARGING CASE,5	
	
Jam Tangan Nixon The Unit,5	
	
KIPAS PENDINGIN LAPTOP 1 BIG FAN / COOLING PAD 1 KIPAS BESAR M-TECH,5	
	
X04 Rak sepatu 4 SUSUN payung holder lemari sepatu murah,5	
	
&#40;EH137&#41; Gantungan Kunci Siul Whistle Key Finder / Gantungan Kunci Siul,4	
	
&#40;EH138&#41; Kacamata Dial Vision Bebas Atur Fokus Lensa / Dial Vision,4	
	
&#40;FE060&#41; Mini Tripod Spider Holder U Medium / Tripod Hp,4	
	
Deker / Dekker Lutut / Knee Support Open Patela WInstar 611,4	
	
joystick / gamepad / stick laptop notebook pc single analog usb,4	
	
qnq model casio ae1200 qq q&amp;q wateresist tahan air jam tangan unisex,4	
	
sepatu pria rebook terbaru murah berkualitas,4	
	
&#40;ED021&#41; Magic Saw Gergaji Magic Set SerbaGuna / Gergaji Besi Kaca Kayu,3	
	
&#40;FJ010&#41; HEADPHONE JBL SOLO HD / HEADSHET JBL MODEL SOLO HD + MIC,3	
	
&#40;FJ068&#41; Headset / Handsfree Xiaomi MI 2 With Mic Redmi Note 2 Dll,3	
	
"Baju Sauna / Sauna Suit Kettler Abu Tua - Abu -abu Tua, XXL",3	
	
Baterai Original Apple Macbook pro A1322 A1278 -13 inch,3	
	
Bola Voli / Bola Volley Proteam,3	
	
Holder Handphone / GPS Universal / Stang Spion Sepeda Motor Flexibel,3	
	
Isi Staples Tembak 8 mm best guard,3	
	
Jump Rope / Skipping Busa Kettler,3	
	
KABEL USB MALE FEMALE 10M / PERPANJANGAN USB / USB EXTENDER EXTENTION,3	
	
Kemben Bagus Poliester Putih  KMB 14,3	
	
Lcd Drawing Writing Tablet 10.5 inch / papan tulis LCD untuk anak,3	
	
Matras Yoga / Yoga Mat RRT,3	
	
Pengusir Tikus Kecoak Semut Laba-laba Suara Ultrasonic Riddex Hijau,3	
	
Speaker Bluetooth Mini JBL T5 Wireless Music,3	
	
Staple Gun / Staples Tembak / Staples Jok / Hekter MOLLAR 3 in 1,3	
	
Staple/Stapel/Straples/Staples Nail &amp; paku tembak GUN / NAIL GUN,3	
	
Staples Gun Tacker Mollar 3 in 1 / Staple Jok Tembak Hekter 3 Way,3	
	
Tenda Outdoor Cpe 03 5km outdoor point to point Cpe,3	
	
USB 3.0 to HDMI Converter Cable Multi Display Adapter for PC Laptop,3	
	
